City,Lat,Lng,Max Temp,Humidity,Cloudiness,Wind Speed,Country,Date
Torbay,47.6666,-52.7314,280.37,65,10000,9.77,CA,<class 'datetime.date'>
Aleksandrovskiy Zavod,50.9237,117.9374,270.9,27,10000,1.44,RU,<class 'datetime.date'>
Katsuura,35.1333,140.3,284.82,76,10000,3.09,JP,<class 'datetime.date'>
Grindavik,63.8424,-22.4338,281.15,87,10000,8.75,IS,<class 'datetime.date'>
Satellite Beach,28.1761,-80.5901,297.15,50,10000,5.66,US,<class 'datetime.date'>
Chui,-33.6971,-53.4616,293.03,81,10000,6.11,UY,<class 'datetime.date'>
Coquimbo,-29.9533,-71.3436,291.15,59,10000,5.14,CL,<class 'datetime.date'>
Hermanus,-34.4187,19.2345,287.59,83,10000,1.97,ZA,<class 'datetime.date'>
Yellowknife,62.456,-114.3525,264.26,53,10000,5.14,CA,<class 'datetime.date'>
San Quintín,30.4833,-115.95,290.64,64,10000,8.16,MX,<class 'datetime.date'>
New Norfolk,-42.7826,147.0587,283.71,87,10000,0.45,AU,<class 'datetime.date'>
Bluff,-46.6,168.3333,280.37,95,10000,0.89,NZ,<class 'datetime.date'>
Rikitea,-23.1203,-134.9692,299.31,67,10000,7.95,PF,<class 'datetime.date'>
Bānda,25.4833,80.3333,303.5,14,10000,1.25,IN,<class 'datetime.date'>
Ponta do Sol,32.6667,-17.1,288.15,81,10000,1.79,PT,<class 'datetime.date'>
Arraial do Cabo,-22.9661,-42.0278,297.15,83,10000,8.23,BR,<class 'datetime.date'>
Salalah,17.0151,54.0924,301.15,74,10000,2.57,OM,<class 'datetime.date'>
Ambilobe,-13.2,49.05,296.14,82,10000,1.84,MG,<class 'datetime.date'>
Punta Arenas,-53.15,-70.9167,281.15,93,10000,1.54,CL,<class 'datetime.date'>
Puerto Ayora,-0.7393,-90.3518,302.15,70,10000,7.72,EC,<class 'datetime.date'>
Acapulco de Juárez,16.8634,-99.8901,303.15,62,9656,5.14,MX,<class 'datetime.date'>
Chokurdakh,70.6333,147.9167,251.81,97,10000,0.89,RU,<class 'datetime.date'>
Iqaluit,63.7506,-68.5145,271.15,93,1609,1.54,CA,<class 'datetime.date'>
Dunedin,-45.8742,170.5036,286.48,88,10000,1.34,NZ,<class 'datetime.date'>
Bhisho,-32.8472,27.4422,286.43,84,10000,4.04,ZA,<class 'datetime.date'>
Aykhal,66.0,111.5,265.12,89,10000,3.21,RU,<class 'datetime.date'>
East London,-33.0153,27.9116,291.51,76,10000,4.75,ZA,<class 'datetime.date'>
Vaini,-21.2,-175.2,300.15,89,10000,1.03,TO,<class 'datetime.date'>
Busselton,-33.65,115.3333,289.82,75,10000,2.65,AU,<class 'datetime.date'>
Bacolod City,10.6667,122.95,298.82,87,10000,3.85,PH,<class 'datetime.date'>
Mataura,-46.1927,168.8643,280.37,95,10000,0.89,NZ,<class 'datetime.date'>
Vad,55.5301,44.2114,281.08,72,10000,3.19,RU,<class 'datetime.date'>
Tuktoyaktuk,69.4541,-133.0374,263.15,67,10000,5.14,CA,<class 'datetime.date'>
Dingle,10.9995,122.6711,297.68,84,10000,1.61,PH,<class 'datetime.date'>
Amapá,1.0,-52.0,296.41,98,10000,0.82,BR,<class 'datetime.date'>
Jiaocheng,24.6774,116.1389,295.29,84,10000,1.01,CN,<class 'datetime.date'>
Nieuw Amsterdam,5.8833,-55.0833,301.15,78,10000,2.57,SR,<class 'datetime.date'>
Porangatu,-13.4408,-49.1486,298.36,64,10000,1.3,BR,<class 'datetime.date'>
College,64.8569,-147.8028,286.15,30,10000,3.6,US,<class 'datetime.date'>
Jamestown,42.097,-79.2353,286.15,30,10000,7.72,US,<class 'datetime.date'>
Kimbe,-5.5502,150.1429,297.75,91,10000,1.28,PG,<class 'datetime.date'>
Garden City,42.3256,-83.331,291.15,29,10000,8.75,US,<class 'datetime.date'>
Port Hedland,-20.3167,118.5667,292.15,45,10000,2.57,AU,<class 'datetime.date'>
San Rafael,-34.6177,-68.3301,293.16,46,10000,3.41,AR,<class 'datetime.date'>
Clyde River,70.4692,-68.5914,265.15,100,2012,2.57,CA,<class 'datetime.date'>
Saint Paul Harbor,57.79,-152.4072,277.15,87,4828,2.57,US,<class 'datetime.date'>
Ostrovnoy,68.0531,39.5131,273.65,88,10000,7.96,RU,<class 'datetime.date'>
Ushuaia,-54.8,-68.3,279.15,87,10000,2.06,AR,<class 'datetime.date'>
St. George's,12.0564,-61.7485,303.15,66,10000,9.26,GD,<class 'datetime.date'>
Östersund,63.1792,14.6357,272.15,69,10000,6.17,SE,<class 'datetime.date'>
Namatanai,-3.6667,152.4333,298.24,86,10000,1.83,PG,<class 'datetime.date'>
Nālūt,30.3333,10.85,290.92,49,10000,9.19,LY,<class 'datetime.date'>
Provideniya,64.3833,-173.3,277.04,60,10000,1.69,RU,<class 'datetime.date'>
Limbang,4.75,115.0,299.15,94,10000,0.51,MY,<class 'datetime.date'>
Bairiki Village,1.3292,172.9752,302.15,79,10000,2.06,KI,<class 'datetime.date'>
Tambacounda,13.7539,-13.7586,310.15,12,8000,2.06,SN,<class 'datetime.date'>
Airai,-8.9266,125.4092,287.14,88,10000,1.18,TL,<class 'datetime.date'>
Darnah,32.767,22.6367,291.98,58,10000,7.75,LY,<class 'datetime.date'>
Leningradskiy,69.3833,178.4167,270.95,85,10000,0.58,RU,<class 'datetime.date'>
Hilo,19.7297,-155.09,297.15,73,8047,3.09,US,<class 'datetime.date'>
Parnera,20.55,72.95,300.08,64,10000,2.65,IN,<class 'datetime.date'>
Bredasdorp,-34.5322,20.0403,283.15,93,10000,2.06,ZA,<class 'datetime.date'>
Albany,42.6001,-73.9662,288.71,20,10000,5.81,US,<class 'datetime.date'>
Ha Tinh,18.3333,105.9,298.41,87,10000,0.89,VN,<class 'datetime.date'>
Qaanaaq,77.484,-69.3632,268.32,82,10000,2.32,GL,<class 'datetime.date'>
Nome,64.5011,-165.4064,277.15,65,10000,2.57,US,<class 'datetime.date'>
Kaitangata,-46.2817,169.8464,283.71,82,10000,3.13,NZ,<class 'datetime.date'>
Ihosy,-22.4,46.1167,290.94,90,10000,4.27,MG,<class 'datetime.date'>
Narsaq,60.9167,-46.05,281.15,49,10000,3.6,GL,<class 'datetime.date'>
Najrān,17.4924,44.1277,300.15,16,10000,2.06,SA,<class 'datetime.date'>
São Filipe,14.8961,-24.4956,295.56,73,10000,4.5,CV,<class 'datetime.date'>
Verāval,20.9,70.3667,299.86,77,10000,4.26,IN,<class 'datetime.date'>
Deer Lake,49.1667,-57.4316,276.15,81,10000,6.69,CA,<class 'datetime.date'>
Hasaki,35.7333,140.8333,281.15,87,10000,1.54,JP,<class 'datetime.date'>
Atuona,-9.8,-139.0333,299.88,80,10000,9.87,PF,<class 'datetime.date'>
Cairns,-16.9167,145.7667,297.15,78,10000,4.63,AU,<class 'datetime.date'>
Carnarvon,-24.8667,113.6333,291.15,77,10000,3.6,AU,<class 'datetime.date'>
Rafaela,-31.2503,-61.4867,293.71,74,10000,0.45,AR,<class 'datetime.date'>
George Town,5.4112,100.3354,299.26,89,7000,1.54,MY,<class 'datetime.date'>
Punta Alta,-38.8759,-62.0736,292.23,70,10000,2.07,AR,<class 'datetime.date'>
Touros,-5.1989,-35.4608,301.15,78,10000,4.12,BR,<class 'datetime.date'>
Kahului,20.8947,-156.47,300.15,61,10000,9.26,US,<class 'datetime.date'>
Meulaboh,4.1363,96.1285,298.11,85,10000,1.23,ID,<class 'datetime.date'>
Talara,-4.5772,-81.2719,301.15,54,10000,8.23,PE,<class 'datetime.date'>
Plymouth,41.8334,-70.8328,288.71,26,10000,8.23,US,<class 'datetime.date'>
Maracaçumé,-2.0428,-45.9592,297.57,94,10000,1.93,BR,<class 'datetime.date'>
Sitka,57.0531,-135.33,288.15,23,10000,4.63,US,<class 'datetime.date'>
Khatanga,71.9667,102.5,273.74,97,80,9.48,RU,<class 'datetime.date'>
Xinyu,27.8043,114.9334,291.24,93,10000,2.15,CN,<class 'datetime.date'>
Wajir,1.7471,40.0573,300.52,70,10000,4.8,KE,<class 'datetime.date'>
Butaritari,3.0707,172.7902,301.21,75,10000,4.85,KI,<class 'datetime.date'>
Avarua,-21.2078,-159.775,301.15,74,10000,7.2,CK,<class 'datetime.date'>
Dunblane,56.1884,-3.9642,281.15,93,10000,5.66,GB,<class 'datetime.date'>
Sovetskiy,61.3614,63.5842,276.44,96,10000,1.83,RU,<class 'datetime.date'>
Lebu,-37.6167,-73.65,287.46,81,10000,3.52,CL,<class 'datetime.date'>
Cidreira,-30.1811,-50.2056,294.6,77,10000,7.98,BR,<class 'datetime.date'>
Bubaque,11.2833,-15.8333,298.89,71,10000,7.76,GW,<class 'datetime.date'>
Fereydūnkenār,36.6864,52.5225,288.04,82,10000,4.9,IR,<class 'datetime.date'>
North Bend,43.4065,-124.2243,285.93,66,10000,4.63,US,<class 'datetime.date'>
Husavik,66.0449,-17.3389,281.15,76,10000,2.06,IS,<class 'datetime.date'>
Vanino,49.0869,140.2543,274.49,92,9573,3.52,RU,<class 'datetime.date'>
Rocha,-34.4833,-54.3333,292.33,83,10000,4.35,UY,<class 'datetime.date'>
Santa Rosa,14.3122,121.1114,300.15,78,9000,3.6,PH,<class 'datetime.date'>
Rawson,-43.3002,-65.1023,288.86,52,10000,10.44,AR,<class 'datetime.date'>
Sheremet'yevskiy,55.98,37.4911,279.15,87,10000,1.0,RU,<class 'datetime.date'>
Lavrentiya,65.5833,-171.0,273.41,74,10000,0.43,RU,<class 'datetime.date'>
Barrow,71.2906,-156.7887,266.15,79,10000,1.54,US,<class 'datetime.date'>
Bethel,41.3712,-73.414,290.37,20,10000,6.69,US,<class 'datetime.date'>
Padang,-0.9492,100.3543,297.56,84,10000,1.86,ID,<class 'datetime.date'>
Cayenne,4.9333,-52.3333,298.71,94,10000,5.39,GF,<class 'datetime.date'>
Bathsheba,13.2167,-59.5167,301.15,57,10000,7.72,BB,<class 'datetime.date'>
Thompson,55.7435,-97.8558,270.15,54,10000,6.17,CA,<class 'datetime.date'>
Emerald,-23.5333,148.1667,289.15,44,10000,4.63,AU,<class 'datetime.date'>
Sault Ste. Marie,46.5168,-84.3333,290.15,27,10000,3.09,CA,<class 'datetime.date'>
Port Macquarie,-31.4333,152.9167,283.15,83,10000,0.45,AU,<class 'datetime.date'>
Tuatapere,-46.1333,167.6833,280.37,95,10000,0.89,NZ,<class 'datetime.date'>
Kailua,21.4022,-157.7394,301.15,65,10000,4.12,US,<class 'datetime.date'>
Severo-Kuril'sk,50.6789,156.125,275.19,93,10000,3.47,RU,<class 'datetime.date'>
Kapaa,22.0752,-159.319,300.15,65,10000,7.72,US,<class 'datetime.date'>
Ribeira Grande,38.5167,-28.7,288.15,72,10000,12.86,PT,<class 'datetime.date'>
Castro,-24.7911,-50.0119,288.58,72,10000,1.64,BR,<class 'datetime.date'>
Srandakan,-7.9386,110.2506,296.45,87,10000,1.59,ID,<class 'datetime.date'>
Vardø,70.3705,31.1107,274.15,69,10000,5.14,NO,<class 'datetime.date'>
Cocobeach,1.0002,9.5823,300.03,77,10000,2.78,GA,<class 'datetime.date'>
Mishelevka,52.8575,103.1719,272.88,60,10000,3.1,RU,<class 'datetime.date'>
Whitianga,-36.8333,175.7,290.37,99,10000,0.89,NZ,<class 'datetime.date'>
Hobart,-42.8794,147.3294,284.15,71,10000,3.6,AU,<class 'datetime.date'>
Isangel,-19.55,169.2667,299.85,80,10000,4.7,VU,<class 'datetime.date'>
Dawei,14.0833,98.2,299.12,87,10000,0.92,MM,<class 'datetime.date'>
Ljungby,56.8332,13.9408,277.04,48,10000,2.57,SE,<class 'datetime.date'>
Goderich,43.7501,-81.7165,286.15,47,10000,4.12,CA,<class 'datetime.date'>
Gizo Government Station,-8.103,156.8419,300.97,75,10000,4.27,SB,<class 'datetime.date'>
Yambio,4.5721,28.3955,293.52,92,10000,1.7,SS,<class 'datetime.date'>
Port Lincoln,-34.7333,135.8667,288.01,75,10000,1.7,AU,<class 'datetime.date'>
Flin Flon,54.7682,-101.865,272.15,37,10000,6.17,CA,<class 'datetime.date'>
Saint George,37.1041,-113.5841,299.26,10,10000,8.23,US,<class 'datetime.date'>
Port Elizabeth,-33.918,25.5701,290.15,88,10000,4.12,ZA,<class 'datetime.date'>
Ixtapa,20.7,-105.2,301.15,65,10000,5.14,MX,<class 'datetime.date'>
Byron Bay,-28.65,153.6167,284.82,93,10000,2.78,AU,<class 'datetime.date'>
Korampallam,8.7667,78.1,302.23,68,10000,1.95,IN,<class 'datetime.date'>
Miraflores,19.2167,-98.8083,301.15,15,8047,6.17,MX,<class 'datetime.date'>
Saint-François,46.4154,3.9054,285.15,43,10000,3.09,FR,<class 'datetime.date'>
Djenné,13.9061,-4.5533,309.18,19,10000,3.62,ML,<class 'datetime.date'>
Brae,60.3964,-1.353,280.15,81,10000,2.06,GB,<class 'datetime.date'>
Vao,-22.6667,167.4833,297.35,77,10000,5.75,NC,<class 'datetime.date'>
Karratha,-20.7377,116.8463,297.17,26,10000,4.42,AU,<class 'datetime.date'>
Korla,41.7597,86.1469,280.12,61,10000,4.84,CN,<class 'datetime.date'>
Guerrero Negro,27.9769,-114.0611,291.65,58,10000,9.32,MX,<class 'datetime.date'>
Arroyo de la Encomienda,41.6096,-4.7969,286.15,67,10000,5.66,ES,<class 'datetime.date'>
Tromsø,69.6496,18.957,272.15,93,10000,1.03,NO,<class 'datetime.date'>
Sembabule,-0.0772,31.4567,290.08,92,10000,0.49,UG,<class 'datetime.date'>
La Paz,-16.5,-68.15,288.15,31,10000,7.2,BO,<class 'datetime.date'>
Turan,16.0678,108.2208,299.15,94,8000,1.03,VN,<class 'datetime.date'>
Aklavik,68.2191,-135.0107,274.15,51,10000,2.06,CA,<class 'datetime.date'>
Baykit,61.67,96.37,270.13,94,10000,1.08,RU,<class 'datetime.date'>
Kununurra,-15.7667,128.7333,292.15,68,10000,2.06,AU,<class 'datetime.date'>
Mar del Plata,-38.0023,-57.5575,297.15,64,10000,3.09,AR,<class 'datetime.date'>
Norman Wells,65.282,-126.8329,272.15,40,10000,5.14,CA,<class 'datetime.date'>
Saskylakh,71.9167,114.0833,274.03,96,5000,8.47,RU,<class 'datetime.date'>
Timizart,36.8,4.2667,284.59,87,10000,2.25,DZ,<class 'datetime.date'>
Yekaterinoslavka,50.3734,129.1139,272.27,50,10000,4.02,RU,<class 'datetime.date'>
Cabo San Lucas,22.8909,-109.9124,302.15,47,10000,3.6,MX,<class 'datetime.date'>
Hong Kong,22.2855,114.1577,298.71,86,10000,0.45,HK,<class 'datetime.date'>
Udachny,66.4167,112.4,267.12,87,10000,3.8,RU,<class 'datetime.date'>
Fortuna,40.5982,-124.1573,289.82,76,10000,5.66,US,<class 'datetime.date'>
Mahébourg,-20.4081,57.7,299.15,78,10000,4.63,MU,<class 'datetime.date'>
Ketchikan,55.3422,-131.6461,286.15,38,10000,4.63,US,<class 'datetime.date'>
Mandan,46.8267,-100.8896,277.15,52,10000,6.17,US,<class 'datetime.date'>
Vostok,46.4856,135.8833,278.13,85,10000,2.86,RU,<class 'datetime.date'>
Saint-Philippe,-21.3585,55.7679,298.15,73,10000,2.57,RE,<class 'datetime.date'>
Cherlak,54.155,74.8055,274.51,66,10000,2.96,RU,<class 'datetime.date'>
Pangnirtung,66.1451,-65.7125,270.15,86,10000,1.03,CA,<class 'datetime.date'>
Yarmouth,41.7057,-70.2286,287.15,35,10000,7.72,US,<class 'datetime.date'>
Lerwick,60.1545,-1.1494,280.15,81,10000,2.06,GB,<class 'datetime.date'>
Cintalapa,16.6951,-93.7272,306.05,38,10000,5.26,MX,<class 'datetime.date'>
Nouadhibou,20.931,-17.0347,292.15,77,10000,8.23,MR,<class 'datetime.date'>
Poum,-20.2333,164.0167,299.01,79,10000,3.57,NC,<class 'datetime.date'>
Paamiut,61.994,-49.6678,273.95,77,10000,0.92,GL,<class 'datetime.date'>
Boa Vista,2.8197,-60.6733,305.15,48,10000,3.6,BR,<class 'datetime.date'>
Viet Tri,21.3019,105.4308,299.15,100,4000,3.09,VN,<class 'datetime.date'>
Port Hardy,50.6996,-127.4199,284.15,71,10000,2.06,CA,<class 'datetime.date'>
Avera,33.194,-82.5271,295.15,24,10000,2.06,US,<class 'datetime.date'>
Tiksi,71.6872,128.8694,257.95,98,10000,3.21,RU,<class 'datetime.date'>
Hofn,64.2539,-15.2082,280.15,87,10000,1.03,IS,<class 'datetime.date'>
Priladozhskiy,59.85,31.4833,275.37,17,10000,3.08,RU,<class 'datetime.date'>
Sinnamary,5.3833,-52.95,298.63,87,10000,5.79,GF,<class 'datetime.date'>
Derzhavīnsk,51.1,66.3167,279.06,46,10000,6.04,KZ,<class 'datetime.date'>
Longyearbyen,78.2186,15.6401,263.15,67,10000,4.63,SJ,<class 'datetime.date'>
Bandarbeyla,9.4942,50.8122,301.69,73,10000,3.47,SO,<class 'datetime.date'>
Burnie,-41.0667,145.9167,282.04,95,10000,0.89,AU,<class 'datetime.date'>
Sistranda,63.7256,8.834,276.15,65,10000,8.23,NO,<class 'datetime.date'>
Soldotna,60.4878,-151.0583,285.93,35,10000,1.54,US,<class 'datetime.date'>
Kirakira,-10.4544,161.9205,300.7,78,10000,1.85,SB,<class 'datetime.date'>
Sorong,-0.8833,131.25,299.04,87,10000,3.13,ID,<class 'datetime.date'>
Manado,1.487,124.8455,298.15,88,9000,0.51,ID,<class 'datetime.date'>
Novoanninskiy,50.5287,42.6747,279.26,88,10000,3.11,RU,<class 'datetime.date'>
Codrington,-38.2667,141.9667,284.88,88,10000,3.36,AU,<class 'datetime.date'>
Nicolás Bravo,18.45,-88.9167,303.15,62,10000,8.23,MX,<class 'datetime.date'>
Vestmanna,62.1564,-7.1664,279.15,100,10000,3.6,FO,<class 'datetime.date'>
Tasiilaq,65.6145,-37.6368,276.15,48,10000,2.06,GL,<class 'datetime.date'>
Nikolskoye,59.7035,30.7861,278.15,75,10000,3.0,RU,<class 'datetime.date'>
Yamada,39.4667,141.95,281.77,59,10000,1.74,JP,<class 'datetime.date'>
Port Alfred,-33.5906,26.891,292.32,73,10000,9.56,ZA,<class 'datetime.date'>
Gorodovikovsk,46.0878,41.9335,284.84,67,10000,2.09,RU,<class 'datetime.date'>
Pevek,69.7008,170.3133,261.13,91,10000,1.95,RU,<class 'datetime.date'>
Kruisfontein,-34.0033,24.7314,288.15,89,10000,0.89,ZA,<class 'datetime.date'>
Sakakah,29.9697,40.2064,299.15,11,10000,4.12,SA,<class 'datetime.date'>
Bijela,43.6086,17.9519,283.15,93,10000,0.51,BA,<class 'datetime.date'>
Kieta,-6.2167,155.6333,299.21,83,10000,0.48,PG,<class 'datetime.date'>
Gushikawa,26.3544,127.8686,292.15,88,10000,7.2,JP,<class 'datetime.date'>
Alekseyevskaya,50.2896,42.1845,279.26,88,10000,3.02,RU,<class 'datetime.date'>
San Patricio,28.017,-97.5169,303.15,70,10000,11.32,US,<class 'datetime.date'>
Keti Bandar,24.1447,67.4497,300.43,78,10000,5.7,PK,<class 'datetime.date'>
Storforshei,66.4043,14.5233,273.15,69,10000,1.03,NO,<class 'datetime.date'>
Miranda,3.2499,-76.2281,302.15,58,8000,7.72,CO,<class 'datetime.date'>
Ereymentau,51.6199,73.1033,273.29,51,10000,3.15,KZ,<class 'datetime.date'>
Matara,5.9485,80.5353,298.44,89,10000,2.66,LK,<class 'datetime.date'>
Vestmannaeyjar,63.4427,-20.2734,281.07,87,10000,9.1,IS,<class 'datetime.date'>
Challans,46.8436,-1.8749,290.15,34,10000,4.12,FR,<class 'datetime.date'>
Evensk,61.95,159.2333,271.46,97,89,2.54,RU,<class 'datetime.date'>
Ossora,59.2353,163.0719,273.04,93,5297,2.48,RU,<class 'datetime.date'>
Assiut,27.181,31.1837,297.15,31,10000,5.14,EG,<class 'datetime.date'>
Forestville,38.8451,-76.875,290.37,29,10000,6.17,US,<class 'datetime.date'>
Srednekolymsk,67.45,153.6833,260.72,94,139,7.61,RU,<class 'datetime.date'>
Urengoy,65.9667,78.3667,274.24,95,10000,6.0,RU,<class 'datetime.date'>
Roald,62.5833,6.1333,274.26,93,10000,4.17,NO,<class 'datetime.date'>
Nanortalik,60.1432,-45.2371,275.8,85,10000,1.57,GL,<class 'datetime.date'>
Quesnel,52.9999,-122.5029,283.15,23,10000,1.03,CA,<class 'datetime.date'>
Chicama,-7.8447,-79.1469,291.15,88,9000,4.12,PE,<class 'datetime.date'>
Yar-Sale,66.8333,70.8333,274.45,99,57,4.94,RU,<class 'datetime.date'>
Katherine,-14.4667,132.2667,290.15,59,10000,3.6,AU,<class 'datetime.date'>
Togur,58.3631,82.8265,269.24,94,10000,0.83,RU,<class 'datetime.date'>
Chapais,49.7834,-74.8492,283.15,25,10000,8.23,CA,<class 'datetime.date'>
Upernavik,72.7868,-56.1549,273.67,77,10000,2.87,GL,<class 'datetime.date'>
Beidao,34.5686,105.8933,285.05,90,10000,1.23,CN,<class 'datetime.date'>
Bolobo,-2.1667,16.2333,295.91,95,6232,2.03,CD,<class 'datetime.date'>
Sirte,31.2089,16.5887,291.73,81,10000,7.79,LY,<class 'datetime.date'>
Champotón,19.35,-90.7167,310.15,41,10000,4.63,MX,<class 'datetime.date'>
Cape Town,-33.9258,18.4232,288.15,82,10000,2.57,ZA,<class 'datetime.date'>
Barbacoas,1.6715,-78.1398,299.93,86,10000,2.04,CO,<class 'datetime.date'>
Marawi,7.9986,124.2928,296.48,91,10000,2.24,PH,<class 'datetime.date'>
Dicabisagan,17.0818,122.4157,296.6,87,10000,1.88,PH,<class 'datetime.date'>
Mount Gambier,-37.8333,140.7667,282.15,100,10000,3.6,AU,<class 'datetime.date'>
Dickson,36.077,-87.3878,289.26,51,10000,3.09,US,<class 'datetime.date'>
Marystown,47.1666,-55.1483,277.13,73,10000,10.1,CA,<class 'datetime.date'>
Esim,4.8699,-2.2405,301.32,81,10000,4.38,GH,<class 'datetime.date'>
Dibulla,11.2725,-73.3091,300.79,78,10000,3.07,CO,<class 'datetime.date'>
Guarapari,-20.6667,-40.4975,298.15,69,10000,3.6,BR,<class 'datetime.date'>
Hithadhoo,-0.6,73.0833,300.88,74,10000,3.33,MV,<class 'datetime.date'>
Glendive,47.1053,-104.7125,279.26,36,10000,3.09,US,<class 'datetime.date'>
Botro,7.8525,-5.3106,302.15,65,8000,2.06,CI,<class 'datetime.date'>
Daşoguz,41.8363,59.9666,291.15,32,10000,4.12,TM,<class 'datetime.date'>
Portoferraio,42.8115,10.3146,287.59,65,10000,0.45,IT,<class 'datetime.date'>
Ambanja,-13.6833,48.45,296.82,91,10000,1.25,MG,<class 'datetime.date'>
Portland,45.5234,-122.6762,289.26,47,10000,3.09,US,<class 'datetime.date'>
Omsukchan,62.5333,155.8,268.07,94,144,1.18,RU,<class 'datetime.date'>
Moose Factory,51.2585,-80.6094,286.15,46,10000,4.63,CA,<class 'datetime.date'>
Meadow Lake,34.8014,-106.5436,289.26,21,10000,8.23,US,<class 'datetime.date'>
Eyl,7.9803,49.8164,301.42,74,10000,4.19,SO,<class 'datetime.date'>
Nhulunbuy,-12.2333,136.7667,300.15,54,10000,6.17,AU,<class 'datetime.date'>
Nur-Sultan,51.1801,71.446,273.15,51,10000,4.0,KZ,<class 'datetime.date'>
Whakatane,-37.9585,176.9854,288.15,99,10000,1.61,NZ,<class 'datetime.date'>
Chifeng,42.2683,118.9636,283.31,77,10000,2.42,CN,<class 'datetime.date'>
Camacha,33.0833,-16.3333,292.15,63,10000,6.69,PT,<class 'datetime.date'>
Moses Lake,47.1301,-119.2781,292.15,18,10000,3.6,US,<class 'datetime.date'>
Iranshahr,27.2025,60.6848,303.15,19,10000,6.17,IR,<class 'datetime.date'>
Silifke,36.3778,33.9344,293.54,57,10000,0.81,TR,<class 'datetime.date'>
Vanimo,-2.6741,141.3028,298.32,88,10000,1.88,PG,<class 'datetime.date'>
Hare Bay,48.8499,-54.0148,280.15,45,10000,6.17,CA,<class 'datetime.date'>
Flinders,-34.5833,150.8552,282.59,80,10000,0.45,AU,<class 'datetime.date'>
Bambous Virieux,-20.3428,57.7575,299.26,78,10000,4.12,MU,<class 'datetime.date'>
George Town,5.4112,100.3354,299.26,89,7000,1.54,MY,<class 'datetime.date'>
Marsabit,2.3284,37.9899,292.97,73,10000,4.06,KE,<class 'datetime.date'>
Camiri,-20.05,-63.5167,299.15,69,10000,2.57,BO,<class 'datetime.date'>
Ayan,56.45,138.1667,268.79,79,10000,2.76,RU,<class 'datetime.date'>
Igrim,63.1906,64.4162,277.3,92,10000,2.65,RU,<class 'datetime.date'>
Thinadhoo,0.5333,72.9333,301.09,68,10000,3.75,MV,<class 'datetime.date'>
Takoradze,4.8845,-1.7554,301.15,82,10000,4.42,GH,<class 'datetime.date'>
Valkeala,60.9401,26.7979,275.15,93,10000,0.51,FI,<class 'datetime.date'>
Yulara,-25.2406,130.9889,284.15,66,10000,2.57,AU,<class 'datetime.date'>
Dikson,73.5069,80.5464,273.23,97,73,8.5,RU,<class 'datetime.date'>
Eqbālīyeh,35.3022,51.5358,297.15,23,10000,5.14,IR,<class 'datetime.date'>
Cockburn Town,21.4612,-71.1419,301.15,65,10000,4.12,TC,<class 'datetime.date'>
Xining,36.6167,101.7667,279.02,92,8860,2.02,CN,<class 'datetime.date'>
Hurghada,27.2574,33.8129,299.15,29,10000,6.17,EG,<class 'datetime.date'>
Pangkalanbuun,-2.6833,111.6167,296.3,95,10000,0.59,ID,<class 'datetime.date'>
Kalmunai,7.4167,81.8167,299.85,80,10000,0.75,LK,<class 'datetime.date'>
Igarka,67.4667,86.5833,270.25,92,10000,6.89,RU,<class 'datetime.date'>
Pedra Azul,-16.0053,-41.2972,296.11,70,10000,1.88,BR,<class 'datetime.date'>
Rodrigues Alves,-7.738,-72.6509,305.15,70,10000,3.09,BR,<class 'datetime.date'>
Dimona,31.0667,35.0333,290.93,100,10000,3.71,IL,<class 'datetime.date'>
Sørland,67.667,12.6934,274.15,75,10000,6.17,NO,<class 'datetime.date'>
Tutóia,-2.7619,-42.2744,299.11,87,10000,3.41,BR,<class 'datetime.date'>
Kaseda-shirakame,31.4167,130.3167,291.65,69,10000,7.81,JP,<class 'datetime.date'>
Saint-Augustin,51.226,-58.6502,273.84,86,6148,6.02,CA,<class 'datetime.date'>
Avilés,43.5547,-5.9248,291.15,55,10000,2.57,ES,<class 'datetime.date'>
Catherinas Lust,6.4,-57.6,299.15,83,10000,5.11,GY,<class 'datetime.date'>
East Linton,55.9874,-2.6568,281.48,87,10000,3.66,GB,<class 'datetime.date'>
Bengkulu,-3.8004,102.2655,296.39,89,10000,1.56,ID,<class 'datetime.date'>
Batagay-Alyta,67.8006,130.4114,254.32,89,10000,2.47,RU,<class 'datetime.date'>
Opuwo,-18.0607,13.84,295.76,36,10000,1.87,NA,<class 'datetime.date'>
Yangi Marg`ilon,40.4272,71.7189,285.15,54,10000,2.06,UZ,<class 'datetime.date'>
Lagan,45.3929,47.3707,285.71,63,10000,2.45,RU,<class 'datetime.date'>
Bitkine,11.9801,18.2138,306.86,22,10000,3.31,TD,<class 'datetime.date'>
Ahipara,-35.1667,173.1667,290.61,74,10000,4.22,NZ,<class 'datetime.date'>
Platonovka,52.7106,41.952,281.53,90,10000,4.16,RU,<class 'datetime.date'>
Te Anau,-45.4167,167.7167,280.73,87,10000,1.17,NZ,<class 'datetime.date'>
Nantucket,41.2835,-70.0995,283.15,57,10000,11.32,US,<class 'datetime.date'>
High Level,58.5169,-117.136,272.15,37,10000,3.6,CA,<class 'datetime.date'>
Olafsvik,64.8945,-23.7142,279.54,91,10000,4.96,IS,<class 'datetime.date'>
Tual,-5.6667,132.75,301.93,75,10000,6.04,ID,<class 'datetime.date'>
Manacapuru,-3.2997,-60.6206,301.15,74,10000,2.06,BR,<class 'datetime.date'>
Pignon,19.3333,-72.1167,299.65,65,10000,4.27,HT,<class 'datetime.date'>
Kokkola,63.8385,23.1307,274.26,100,10000,3.09,FI,<class 'datetime.date'>
Faanui,-16.4833,-151.75,300.11,74,10000,4.9,PF,<class 'datetime.date'>
Daru,-9.0763,143.2092,299.71,81,10000,1.93,PG,<class 'datetime.date'>
Faya,18.3851,42.4509,291.15,77,10000,2.06,SA,<class 'datetime.date'>
Grand Gaube,-20.0064,57.6608,299.26,78,10000,1.34,MU,<class 'datetime.date'>
Bulungu,-4.55,18.6,295.15,97,6535,2.14,CD,<class 'datetime.date'>
Eldorado,-23.7869,-54.2836,296.93,51,10000,2.56,BR,<class 'datetime.date'>
Shimoda,34.6667,138.95,284.82,66,10000,1.34,JP,<class 'datetime.date'>
Launceston,-41.45,147.1667,282.59,87,10000,5.66,AU,<class 'datetime.date'>
Burgeo,47.6167,-57.6152,275.04,92,8527,12.58,CA,<class 'datetime.date'>
Alice Springs,-23.7,133.8833,280.15,81,10000,3.24,AU,<class 'datetime.date'>
Aranos,-24.1333,19.1167,293.1,24,10000,3.85,NA,<class 'datetime.date'>
Ancud,-41.8697,-73.8203,287.04,76,10000,2.57,CL,<class 'datetime.date'>
Bagenalstown,52.7003,-6.9618,280.93,67,10000,2.51,IE,<class 'datetime.date'>
Talaya,61.3833,152.75,264.93,88,437,4.32,RU,<class 'datetime.date'>
Lompoc,34.6391,-120.4579,289.15,59,10000,4.12,US,<class 'datetime.date'>
Nsanje,-16.92,35.262,293.05,85,10000,0.69,MW,<class 'datetime.date'>
Gemeente Wageningen,51.9667,5.6667,280.93,76,10000,4.63,NL,<class 'datetime.date'>
Kenai,60.5544,-151.2583,285.15,37,10000,5.14,US,<class 'datetime.date'>
Santa Lucía,27.9117,-15.5407,294.15,73,10000,1.03,ES,<class 'datetime.date'>
Matagami,49.7502,-77.6328,289.15,29,10000,6.69,CA,<class 'datetime.date'>
Susanville,40.4163,-120.653,295.15,17,10000,6.69,US,<class 'datetime.date'>
Praia,14.9215,-23.5087,294.15,73,10000,6.69,CV,<class 'datetime.date'>
Chumikan,54.7183,135.315,271.87,83,10000,7.08,RU,<class 'datetime.date'>
Shingū,33.7333,135.9833,287.25,72,10000,1.31,JP,<class 'datetime.date'>
Rāvar,31.2656,56.8055,297.53,18,10000,0.68,IR,<class 'datetime.date'>
Saint Anthony,45.0205,-93.218,282.15,87,10000,2.06,US,<class 'datetime.date'>
Drovyanaya,51.5833,113.0333,265.15,73,10000,1.0,RU,<class 'datetime.date'>
Nouakchott,18.0858,-15.9785,292.15,88,8000,6.17,MR,<class 'datetime.date'>
Ambad,19.6167,75.8,303.19,21,10000,1.63,IN,<class 'datetime.date'>
Acarí,-15.4311,-74.6158,297.12,66,10000,3.81,PE,<class 'datetime.date'>
Upata,8.0086,-62.3989,303.46,45,10000,4.28,VE,<class 'datetime.date'>
Quelimane,-17.8786,36.8883,294.19,85,10000,0.88,MZ,<class 'datetime.date'>
Dawson Creek,55.7666,-120.2362,277.15,35,10000,3.09,CA,<class 'datetime.date'>
Gouré,13.9835,10.2704,304.38,11,10000,3.42,NE,<class 'datetime.date'>
Zabaykal'sk,49.6333,117.3167,274.89,24,10000,2.66,RU,<class 'datetime.date'>
Dalby,-27.1833,151.2667,274.15,86,10000,2.57,AU,<class 'datetime.date'>
Powell River,49.8496,-124.5361,288.15,71,10000,7.2,CA,<class 'datetime.date'>
Chik,54.9928,82.4311,271.15,69,10000,2.0,RU,<class 'datetime.date'>
Jaranwala,31.3333,73.4333,293.17,51,10000,3.06,PK,<class 'datetime.date'>
Quryq,43.2,51.65,284.9,82,10000,3.26,KZ,<class 'datetime.date'>
Libertador General San Martín,-23.8064,-64.7876,298.01,74,10000,1.82,AR,<class 'datetime.date'>
Point Pedro,9.8167,80.2333,300.07,83,10000,4.13,LK,<class 'datetime.date'>
Lázaro Cárdenas,17.9583,-102.2,302.87,45,10000,5.19,MX,<class 'datetime.date'>
San Luis,-33.295,-66.3356,290.89,75,10000,4.03,AR,<class 'datetime.date'>
Batemans Bay,-35.7167,150.1833,283.15,82,10000,2.3,AU,<class 'datetime.date'>
Atar,20.5169,-13.0499,301.59,11,10000,2.43,MR,<class 'datetime.date'>
Lüderitz,-26.6481,15.1594,290.72,80,10000,3.75,NA,<class 'datetime.date'>
Constitución,-35.3333,-72.4167,289.24,64,10000,4.41,CL,<class 'datetime.date'>
Vaitape,-16.5167,-151.75,300.08,74,10000,4.93,PF,<class 'datetime.date'>
Rongcheng,30.634,117.8517,288.25,96,10000,1.68,CN,<class 'datetime.date'>
Richards Bay,-28.783,32.0377,290.83,84,10000,4.35,ZA,<class 'datetime.date'>
Nurota,40.5614,65.6886,287.15,44,10000,5.14,UZ,<class 'datetime.date'>
Naze,28.3667,129.4833,291.81,69,10000,12.09,JP,<class 'datetime.date'>
Saint-Pierre,-21.3393,55.4781,298.15,73,10000,3.6,RE,<class 'datetime.date'>
Tocopilla,-22.092,-70.1979,292.97,68,10000,3.05,CL,<class 'datetime.date'>
Atbasar,51.8,68.3333,277.02,49,10000,5.61,KZ,<class 'datetime.date'>
Talnakh,69.4865,88.3972,272.88,97,172,4.59,RU,<class 'datetime.date'>
Sabha,27.0377,14.4283,303.12,11,10000,3.01,LY,<class 'datetime.date'>
Uglovskoye,51.3557,80.1942,272.81,67,10000,3.3,RU,<class 'datetime.date'>
Haines Junction,60.7522,-137.5108,283.15,25,10000,2.57,CA,<class 'datetime.date'>
Sadovoye,47.7764,44.5089,283.88,74,10000,3.94,RU,<class 'datetime.date'>
Geraldton,-28.7667,114.6,288.15,88,10000,3.09,AU,<class 'datetime.date'>
Skjervøy,70.0311,20.9714,275.15,69,10000,1.54,NO,<class 'datetime.date'>
Pottstown,40.2454,-75.6496,290.37,25,10000,4.63,US,<class 'datetime.date'>
Constantine,36.365,6.6147,284.15,87,10000,2.06,DZ,<class 'datetime.date'>
Rome,43.2128,-75.4557,288.15,31,10000,6.69,US,<class 'datetime.date'>
Eydhafushi,5.1033,73.0708,301.66,72,10000,4.2,MV,<class 'datetime.date'>
Lagoa,39.05,-27.9833,287.49,74,10000,15.04,PT,<class 'datetime.date'>
Taltal,-25.4,-70.4833,291.17,73,10000,2.25,CL,<class 'datetime.date'>
Walvis Bay,-22.9575,14.5053,291.15,68,10000,1.03,NA,<class 'datetime.date'>
Kavieng,-2.5744,150.7967,299.53,81,10000,2.73,PG,<class 'datetime.date'>
Anadyr,64.75,177.4833,262.15,92,10000,3.0,RU,<class 'datetime.date'>
Belaya Gora,68.5333,146.4167,258.09,97,9543,1.78,RU,<class 'datetime.date'>
Klaksvík,62.2266,-6.589,279.15,100,10000,3.6,FO,<class 'datetime.date'>
Esperance,-33.8667,121.9,286.15,94,10000,5.14,AU,<class 'datetime.date'>
Inhambane,-23.865,35.3833,293.7,81,10000,2.05,MZ,<class 'datetime.date'>
Lixouri,38.2019,20.4314,290.46,59,10000,5.51,GR,<class 'datetime.date'>
Cap Malheureux,-19.9842,57.6142,299.26,79,10000,0.89,MU,<class 'datetime.date'>
Antalaha,-14.9003,50.2788,295.99,92,10000,2.48,MG,<class 'datetime.date'>
Kuril'sk,45.2333,147.8833,275.59,84,10000,3.69,RU,<class 'datetime.date'>
Mana,5.6592,-53.7767,298.93,87,10000,5.19,GF,<class 'datetime.date'>
Darhan,49.4867,105.9228,274.13,81,10000,2.12,MN,<class 'datetime.date'>
Manakara,-22.1333,48.0167,294.34,91,9116,1.41,MG,<class 'datetime.date'>
Arboledas,7.6423,-72.7994,305.15,58,10000,4.12,CO,<class 'datetime.date'>
Huilong,31.8111,121.655,290.93,88,10000,3.04,CN,<class 'datetime.date'>
Tonstad,58.6626,6.7169,277.04,76,10000,3.12,NO,<class 'datetime.date'>
Kearney,40.6995,-99.0815,291.15,36,10000,5.66,US,<class 'datetime.date'>
Severomuysk,56.1481,113.4267,259.31,88,10000,1.54,RU,<class 'datetime.date'>
Mareeba,-17.0,145.4333,297.15,78,10000,4.63,AU,<class 'datetime.date'>
Oranjemund,-28.55,16.4333,289.41,88,10000,2.42,NA,<class 'datetime.date'>
Jijiga,9.35,42.8,290.84,82,10000,3.24,ET,<class 'datetime.date'>
Ţahţā,26.7693,31.5021,302.15,14,10000,5.14,EG,<class 'datetime.date'>
Kosa,59.9445,54.9977,277.93,91,10000,2.47,RU,<class 'datetime.date'>
Bilma,18.6853,12.9164,306.18,9,10000,4.35,NE,<class 'datetime.date'>
Kultuk,51.7208,103.6956,270.47,94,246,1.19,RU,<class 'datetime.date'>
Komsomolets,53.7453,62.0708,281.94,59,10000,4.73,KZ,<class 'datetime.date'>
Yenagoa,4.9247,6.2642,299.16,89,10000,2.15,NG,<class 'datetime.date'>
Mandalgovi,45.7625,106.2708,278.6,46,10000,11.15,MN,<class 'datetime.date'>
Fairbanks,64.8378,-147.7164,286.15,28,10000,4.12,US,<class 'datetime.date'>
Hokitika,-42.7167,170.9667,285.82,85,10000,1.78,NZ,<class 'datetime.date'>
Bindura,-17.3019,31.3306,289.26,78,10000,3.58,ZW,<class 'datetime.date'>
Vitória da Conquista,-14.8661,-40.8394,295.2,73,10000,2.28,BR,<class 'datetime.date'>
Båtsfjord,70.6345,29.7185,274.15,80,10000,4.63,NO,<class 'datetime.date'>
Port-Gentil,-0.7193,8.7815,300.59,82,10000,4.69,GA,<class 'datetime.date'>
Muyezerskiy,63.9333,31.65,275.4,94,10000,1.79,RU,<class 'datetime.date'>
Ust-Tsilma,65.441,52.1498,273.64,94,10000,1.46,RU,<class 'datetime.date'>
Iwanai,42.9744,140.5089,282.15,50,10000,1.12,JP,<class 'datetime.date'>
Orotukan,62.2667,151.7,263.92,92,201,2.11,RU,<class 'datetime.date'>
Sept-Îles,50.2001,-66.3821,276.48,87,10000,2.57,CA,<class 'datetime.date'>
Khandagayty,50.7333,92.05,271.3,73,10000,1.55,RU,<class 'datetime.date'>
Pueblo Nuevo,23.3833,-105.3833,295.63,14,10000,4.2,MX,<class 'datetime.date'>
Benguela,-12.5763,13.4055,299.88,88,10000,0.89,AO,<class 'datetime.date'>
Jizan,17.3333,42.6667,303.15,54,10000,1.74,SA,<class 'datetime.date'>
Seminole,28.7086,-81.2081,299.26,50,10000,6.69,US,<class 'datetime.date'>
Hobyo,5.3505,48.5268,301.81,65,10000,4.65,SO,<class 'datetime.date'>
Aksu,41.1231,80.2644,283.7,43,10000,2.89,CN,<class 'datetime.date'>
Okhtyrka,50.3104,34.8988,278.66,88,10000,5.54,UA,<class 'datetime.date'>
Tōno,39.3167,141.5333,280.59,63,10000,0.88,JP,<class 'datetime.date'>
Rūdbār,30.15,62.6,296.67,9,10000,3.4,AF,<class 'datetime.date'>
Altamira,-3.2033,-52.2064,304.15,66,10000,1.03,BR,<class 'datetime.date'>
Snezhnogorsk,69.1933,33.2531,273.15,74,8000,3.0,RU,<class 'datetime.date'>
Peterhead,57.5058,-1.7981,279.26,87,10000,1.03,GB,<class 'datetime.date'>
Cherskiy,68.75,161.3,266.9,94,144,3.31,RU,<class 'datetime.date'>
Norwich,52.6278,1.2983,279.82,61,10000,1.03,GB,<class 'datetime.date'>
Port-Cartier,50.0334,-66.8654,276.48,87,10000,2.57,CA,<class 'datetime.date'>
Mayor Pablo Lagerenza,-19.9309,-60.7718,304.77,42,10000,5.76,PY,<class 'datetime.date'>
Shache,38.4167,77.2406,283.15,15,10000,0.4,CN,<class 'datetime.date'>
Souillac,-20.5167,57.5167,299.15,78,10000,4.63,MU,<class 'datetime.date'>
Heihe,50.2441,127.4902,270.15,46,10000,2.0,CN,<class 'datetime.date'>
Galesong,-5.3166,119.3661,296.15,100,8000,1.54,ID,<class 'datetime.date'>
Nemuro,43.3236,145.575,276.85,84,10000,6.41,JP,<class 'datetime.date'>
Boyolangu,-8.1181,111.8935,295.67,88,10000,0.17,ID,<class 'datetime.date'>
Lagos,6.5833,3.75,303.15,74,10000,1.54,NG,<class 'datetime.date'>
San Miguel,13.4833,-88.1833,308.15,46,10000,3.6,SV,<class 'datetime.date'>
El Progreso,15.4,-87.8,305.93,100,10000,6.17,HN,<class 'datetime.date'>
Sinop Province,41.7711,34.8709,283.95,55,10000,1.49,TR,<class 'datetime.date'>
Kattivākkam,13.2167,80.3167,302.15,79,6000,2.06,IN,<class 'datetime.date'>
Amga,60.8953,131.9608,267.04,93,1848,2.79,RU,<class 'datetime.date'>
Viedma,-40.8135,-62.9967,293.61,41,10000,3.39,AR,<class 'datetime.date'>
Tartagal,-22.5164,-63.8013,297.67,80,10000,1.36,AR,<class 'datetime.date'>
Jalu,29.0331,21.5482,299.22,14,10000,5.25,LY,<class 'datetime.date'>
Necochea,-38.5473,-58.7368,290.37,92,4904,1.57,AR,<class 'datetime.date'>
Mariehamn,60.0973,19.9348,275.15,69,10000,4.12,AX,<class 'datetime.date'>
Mitú,1.1983,-70.1733,300.09,88,9056,0.85,CO,<class 'datetime.date'>
Sobolevo,54.4299,31.8996,275.69,76,10000,2.3,RU,<class 'datetime.date'>
Harper,4.375,-7.7169,300.74,80,10000,4.06,LR,<class 'datetime.date'>
Kutum,14.2,24.6667,300.16,17,10000,4.21,SD,<class 'datetime.date'>
Belmonte,-15.8631,-38.8828,299.15,73,10000,4.12,BR,<class 'datetime.date'>
Yinchuan,38.4681,106.2731,285.41,78,7956,3.74,CN,<class 'datetime.date'>
Chadiza,-14.0678,32.4392,289.86,91,10000,1.44,ZM,<class 'datetime.date'>
Ilulissat,69.2167,-51.1,276.15,65,10000,1.03,GL,<class 'datetime.date'>
Mándok,48.3215,22.1911,278.67,69,10000,2.51,HU,<class 'datetime.date'>
Aberdeen,57.1437,-2.0981,279.15,87,10000,1.03,GB,<class 'datetime.date'>
Alekseyevsk,57.8406,108.3492,267.96,97,10000,0.8,RU,<class 'datetime.date'>
San Felipe,10.3399,-68.7425,300.75,70,10000,3.69,VE,<class 'datetime.date'>
Golden,39.7555,-105.2211,286.48,35,10000,4.12,US,<class 'datetime.date'>
Fairmont,39.4851,-80.1426,287.15,33,10000,2.57,US,<class 'datetime.date'>
Río Cuarto,-33.1307,-64.3499,290.15,94,10000,3.6,AR,<class 'datetime.date'>
Māngrol,21.1167,70.1167,299.9,78,10000,4.16,IN,<class 'datetime.date'>
Āwash,8.9833,40.1667,298.07,54,10000,2.82,ET,<class 'datetime.date'>
Tanete,-3.9443,119.7848,296.28,96,10000,0.97,ID,<class 'datetime.date'>
Effingham County,32.3669,-81.3332,297.15,23,10000,2.57,US,<class 'datetime.date'>
Komsomolsk-on-Amur,50.552,137.0152,274.2,71,10000,4.89,RU,<class 'datetime.date'>
Oriximiná,-1.7656,-55.8661,299.77,85,10000,1.9,BR,<class 'datetime.date'>
Paciran,-6.8767,112.3761,297.71,83,10000,2.15,ID,<class 'datetime.date'>
Quatre Cocos,-20.2078,57.7625,299.26,78,10000,4.63,MU,<class 'datetime.date'>
Itarema,-2.9248,-39.9167,299.65,79,10000,5.27,BR,<class 'datetime.date'>
Bahía Solano,6.2262,-77.4044,301.23,77,10000,2.24,CO,<class 'datetime.date'>
Arrecife,28.963,-13.5477,295.15,68,10000,5.14,ES,<class 'datetime.date'>
San Miguel de Cozumel,20.5083,-86.9458,304.15,55,10000,6.17,MX,<class 'datetime.date'>
Terrace,54.5163,-128.6035,288.15,26,10000,3.6,CA,<class 'datetime.date'>
Yeppoon,-23.1333,150.7333,292.15,82,10000,1.54,AU,<class 'datetime.date'>
Royan,45.6285,-1.0281,292.15,37,10000,4.12,FR,<class 'datetime.date'>
Shirokiy,49.758,129.523,273.06,49,10000,4.36,RU,<class 'datetime.date'>
Maxixe,-23.8597,35.3472,293.01,85,10000,2.13,MZ,<class 'datetime.date'>
Pārvatipuram,18.7833,83.4333,299.96,68,10000,0.31,IN,<class 'datetime.date'>
Koslan,63.4564,48.8989,281.65,76,10000,3.27,RU,<class 'datetime.date'>
Lorengau,-2.0226,147.2712,299.75,77,10000,1.72,PG,<class 'datetime.date'>
Gamba,-2.65,10.0,298.92,88,10000,1.22,GA,<class 'datetime.date'>
Vila Velha,-20.3297,-40.2925,298.15,69,10000,3.6,BR,<class 'datetime.date'>
Palana,59.1167,159.9667,272.43,98,45,6.18,RU,<class 'datetime.date'>
Barroquinha,-3.0189,-41.1361,297.84,91,10000,2.84,BR,<class 'datetime.date'>
Kavaratti,10.5669,72.642,301.73,73,10000,3.65,IN,<class 'datetime.date'>
Munteni,45.9333,27.4333,278.92,84,10000,1.76,RO,<class 'datetime.date'>
Kwang Binh,17.4833,106.6,299.04,82,10000,1.11,VN,<class 'datetime.date'>
Altamirano,16.8833,-92.15,299.17,23,10000,2.16,MX,<class 'datetime.date'>
Deputatsky,69.3,139.9,254.71,92,10000,1.57,RU,<class 'datetime.date'>
Saint-Leu,-21.15,55.2833,298.15,73,10000,3.6,RE,<class 'datetime.date'>
Burghausen,48.1667,12.8333,279.82,74,10000,1.34,DE,<class 'datetime.date'>
Peebles,55.6519,-3.1888,281.48,88,10000,1.34,GB,<class 'datetime.date'>
Kaka,37.3482,59.6143,295.58,15,10000,4.19,TM,<class 'datetime.date'>
Magistral'nyy,56.1725,107.4458,268.52,93,10000,1.18,RU,<class 'datetime.date'>
Lata,40.1629,-8.3327,289.26,90,10000,1.77,PT,<class 'datetime.date'>
Bom Jesus,-9.0744,-44.3586,300.35,63,10000,1.07,BR,<class 'datetime.date'>
Barranca,-10.75,-77.7667,293.84,79,7589,3.88,PE,<class 'datetime.date'>
Acoyapa,11.9703,-85.1711,306.15,46,10000,2.06,NI,<class 'datetime.date'>
Bada,51.392,109.8717,270.01,63,10000,1.56,RU,<class 'datetime.date'>
Tres Arroyos,-38.3739,-60.2798,289.37,96,10000,1.63,AR,<class 'datetime.date'>
Gambēla,8.25,34.5833,296.28,82,10000,2.15,ET,<class 'datetime.date'>
Fort Frances,48.5999,-93.4003,278.15,65,10000,6.17,CA,<class 'datetime.date'>
Ilorin,8.5,4.55,299.28,76,10000,4.92,NG,<class 'datetime.date'>
Longfeng,46.55,125.1167,280.45,30,10000,6.28,CN,<class 'datetime.date'>
Medicine Hat,50.0501,-110.6683,278.71,26,10000,1.54,CA,<class 'datetime.date'>
Inírida,3.8653,-67.9239,301.63,78,10000,1.42,CO,<class 'datetime.date'>
Acaraú,-2.8856,-40.12,299.84,79,10000,5.65,BR,<class 'datetime.date'>
Turukhansk,65.8167,87.9833,268.42,91,10000,5.4,RU,<class 'datetime.date'>
Los Llanos de Aridane,28.6585,-17.9182,294.15,64,10000,2.57,ES,<class 'datetime.date'>
Batagay,67.6333,134.6333,256.68,98,6882,0.71,RU,<class 'datetime.date'>
Champerico,14.3,-91.9167,306.15,62,10000,3.09,GT,<class 'datetime.date'>
Sterling,39.0062,-77.4286,290.37,27,10000,4.63,US,<class 'datetime.date'>
San Policarpo,12.1791,125.5072,297.99,87,10000,2.64,PH,<class 'datetime.date'>
Moengo,5.6167,-54.4,297.83,93,10000,2.16,SR,<class 'datetime.date'>
Tomelloso,39.1522,-3.0243,288.15,67,10000,3.6,ES,<class 'datetime.date'>
Rio Grande,-32.035,-52.0986,298.15,57,10000,8.23,BR,<class 'datetime.date'>
Cagliliog,13.9016,123.2913,297.88,88,10000,1.28,PH,<class 'datetime.date'>
Loyga,61.0784,44.6075,280.91,79,10000,3.61,RU,<class 'datetime.date'>
Kaltasy,55.9693,54.8032,278.78,94,10000,3.16,RU,<class 'datetime.date'>
Krasnosel'kup,65.7,82.4667,271.8,88,10000,7.7,RU,<class 'datetime.date'>
Shimsk,58.212,30.7127,275.0,86,10000,3.11,RU,<class 'datetime.date'>
Thāsra,22.8,73.2167,304.15,29,4000,4.12,IN,<class 'datetime.date'>
Qurayyat,31.3318,37.3428,299.15,19,10000,6.17,SA,<class 'datetime.date'>
Athabasca,54.7169,-113.2854,277.15,26,10000,7.2,CA,<class 'datetime.date'>
Solnechnyy,50.7214,136.6319,272.21,79,10000,2.39,RU,<class 'datetime.date'>
São João da Barra,-21.6403,-41.0511,298.15,65,10000,4.12,BR,<class 'datetime.date'>
Kawalu,-7.3817,108.2082,293.79,95,10000,0.94,ID,<class 'datetime.date'>
Aljezur,37.3191,-8.8033,290.18,90,10000,5.19,PT,<class 'datetime.date'>
Rafai,4.95,23.9167,294.06,95,10000,1.81,CF,<class 'datetime.date'>
Linqiong,30.4159,103.4609,293.15,77,10000,1.0,CN,<class 'datetime.date'>
Mizdah,31.4451,12.9801,289.54,55,10000,6.61,LY,<class 'datetime.date'>
Lyuban',52.7985,28.0048,275.18,80,10000,3.96,BY,<class 'datetime.date'>
Port Blair,11.6667,92.75,300.28,73,10000,3.34,IN,<class 'datetime.date'>
Arrondissement du Havre,49.5833,0.3333,285.15,47,10000,4.12,FR,<class 'datetime.date'>
Luancheng,37.8792,114.6517,286.15,82,7000,2.0,CN,<class 'datetime.date'>
Kumul,42.8,93.45,280.64,26,10000,4.94,CN,<class 'datetime.date'>
Puerto Madryn,-42.7692,-65.0385,289.55,45,10000,8.3,AR,<class 'datetime.date'>
Tacuarembó,-31.7333,-55.9833,295.86,55,10000,2.91,UY,<class 'datetime.date'>
Parambu,-6.2111,-40.6944,296.3,88,10000,1.61,BR,<class 'datetime.date'>
Adrar,20.5022,-10.0711,302.02,8,10000,3.46,MR,<class 'datetime.date'>
Mount Isa,-20.7333,139.5,291.15,29,10000,5.14,AU,<class 'datetime.date'>
Iquique,-20.2208,-70.1431,294.15,56,10000,7.72,CL,<class 'datetime.date'>
Worthington,40.0931,-83.018,288.71,29,10000,6.17,US,<class 'datetime.date'>
Ntoum,0.3833,9.7833,297.41,89,10000,0.53,GA,<class 'datetime.date'>
Bonavista,48.6499,-53.1147,280.15,45,10000,6.17,CA,<class 'datetime.date'>
Serra Talhada,-7.9919,-38.2983,301.56,44,10000,2.15,BR,<class 'datetime.date'>
Buchanan,5.8808,-10.0467,300.15,94,10000,4.03,LR,<class 'datetime.date'>
Srinagar,34.0833,74.8167,278.35,69,10000,1.83,IN,<class 'datetime.date'>
Great Falls,47.5002,-111.3008,275.37,64,10000,2.57,US,<class 'datetime.date'>
Durban,-29.8579,31.0292,292.59,72,10000,4.63,ZA,<class 'datetime.date'>
Horsham,51.064,-0.3272,280.37,70,10000,3.6,GB,<class 'datetime.date'>
Chiredzi,-21.05,31.6667,291.49,56,10000,2.18,ZW,<class 'datetime.date'>
Celestún,20.8667,-90.4,304.78,55,10000,4.19,MX,<class 'datetime.date'>
Siavonga,-16.5382,28.7088,295.32,59,10000,2.21,ZM,<class 'datetime.date'>
Dubbo,-32.25,148.6167,276.15,100,10000,2.06,AU,<class 'datetime.date'>
Smithers,54.7804,-127.1743,285.15,20,10000,4.12,CA,<class 'datetime.date'>
Mubende,0.5606,31.39,289.4,99,10000,0.62,UG,<class 'datetime.date'>
